Thousands	O
of	O
demonstrators	O
have	O
marched	O
through	O
London	B-geo
to	O
protest	O
the	O
war	O
in	O
Iraq	B-geo
and	O
demand	O
the	O
withdrawal	O
of	O
British	B-gpe
troops	O
from	O
that	O
country	O
.	O
Families	O
of	O
soldiers	O
killed	O
in	O
the	O
conflict	O
joined	O
the	O
protesters	O
who	O
carried	O
banners	O
with	O
such	O
slogans	O
as	O
Bush	B-per
Number	O
One	O
Terrorist	O
and	O
Stop	O
the	O
Bombings	O
.	O
They	O
marched	O
from	O
the	O
Houses	O
of	O
Parliament	O
to	O
a	O
rally	O
in	O
Hyde	B-geo
Park	I-geo
.	O
Police	O
put	O
the	O
number	O
of	O
marchers	O
while	O
organizers	O
claimed	O
it	O
was	O
.	O
The	O
protest	O
comes	O
on	O
the	O
eve	O
of	O
the	O
annual	O
conference	O
of	O
Britain	B-geo
's	O
ruling	O
Labor	B-org
Party	I-org
in	O
the	O
southern	O
English	B-gpe
seaside	O
resort	O
of	O
Brighton	B-geo
.	O
The	O
party	O
is	O
divided	O
over	O
Britain	B-gpe
's	O
participation	O
in	O
the	O
Iraq	B-geo
conflict	O
and	O
the	O
continued	O
deployment	O
of	O
British	B-gpe
troops	O
in	O
that	O
country	O
.	O
The	O
London	B-geo
march	O
came	O
ahead	O
of	O
anti-war	O
protests	O
today	O
in	O
other	O
cities	O
including	O
Rome	B-geo
Paris	B-geo
and	O
Madrid	B-geo
.	O
The	O
International	B-org
Atomic	I-org
Energy	I-org
Agency	I-org
is	O
to	O
hold	O
second	O
day	O
of	O
talks	O
in	O
Vienna	B-geo
Wednesday	B-tim
on	O
how	O
to	O
respond	O
to	O
Iran	B-gpe
's	O
resumption	O
of	O
low-level	O
uranium	O
conversion	O
.	O
Iran	B-gpe
this	O
week	O
restarted	O
parts	O
of	O
the	O
conversion	O
process	O
at	O
its	O
Isfahan	B-geo
nuclear	O
plant	O
.	O
Iranian	B-gpe
officials	O
say	O
they	O
expect	O
to	O
get	O
access	O
to	O
sealed	O
sensitive	O
parts	O
of	O
the	O
plant	O
Wednesday	B-tim
after	O
an	O
IAEA	B-org
surveillance	O
system	O
begins	O
functioning	O
.	O
The	O
step	O
will	O
allow	O
the	O
facility	O
to	O
operate	O
at	O
full	O
capacity	O
.	O
The	O
European	B-org
Union	I-org
with	O
U.S.	B-gpe
backing	O
has	O
threatened	O
to	O
refer	O
Iran	B-gpe
to	O
the	O
U.N.	B-org
Security	I-org
Council	I-org
which	O
could	O
impose	O
sanctions	O
if	O
it	O
finds	O
Tehran	B-gpe
has	O
violated	O
the	O
Nuclear	B-art
Non-Proliferation	I-art
treaty	O
.	O
Iran	B-gpe
's	O
new	O
President	B-per
Mahmoud	I-per
Ahmadinejad	I-per
said	O
Tuesday	B-tim
that	O
European	B-gpe
incentives	O
aimed	O
at	O
persuading	O
Iran	B-gpe
to	O
end	O
its	O
nuclear	O
fuel	O
program	O
are	O
an	O
insult	O
to	O
the	O
Iranian	B-gpe
nation	O
.	O
Two	O
Germans	B-gpe
and	O
four	O
Nigerian	B-gpe
oil	O
workers	O
were	O
kidnapped	O
by	O
armed	O
militants	O
during	O
a	O
raid	O
on	O
a	O
boat	O
in	O
Nigeria	B-geo
's	O
southern	O
oil-rich	O
Delta	B-geo
region	O
.	O
An	O
official	O
with	O
the	O
German	B-gpe
firm	O
Bilfinger	B-org
Berger	I-org
Thomas	B-per
Horbach	I-per
said	O
the	O
gunmen	O
stopped	O
the	O
supply	O
boat	O
Wednesday	B-tim
as	O
it	O
sailed	O
from	O
Delta	B-geo
State	I-geo
to	O
Bayelsa	B-geo
State	I-geo
to	O
inspect	O
an	O
offshore	O
oil	O
field	O
owned	O
by	O
Royal-Dutch	B-org
Shell	I-org
.	O
The	O
German	B-gpe
firm	O
works	O
as	O
a	O
sub-contractor	O
for	O
Shell	B-org
.	O
Militant	O
groups	O
frequently	O
attack	O
oil	O
operations	O
in	O
the	O
Niger	B-geo
Delta	I-geo
to	O
demand	O
social	O
services	O
and	O
better	O
job	O
opportunities	O
from	O
multinational	O
companies	O
.	O
Poor	O
residents	O
often	O
complain	O
they	O
have	O
been	O
cheated	O
out	O
of	O
the	O
huge	O
riches	O
extracted	O
from	O
their	O
tribal	O
lands	O
-	O
where	O
the	O
bulk	O
of	O
Nigeria	B-gpe
's	O
2.3	O
million	O
barrels	O
of	O
petroleum	O
are	O
pumped	O
daily	O
.	O
Suspected	O
Islamist	O
rebels	O
have	O
fired	O
mortar	O
shells	O
at	O
the	O
palace	O
used	O
by	O
Somalia	B-geo
's	O
interim	O
President	B-per
Abdullahi	I-per
Yusuf	I-per
Ahmad	I-per
.	O
It	O
was	O
not	O
immediately	O
clear	O
if	O
the	O
president	O
was	O
in	O
the	O
palace	O
in	O
Mogadishu	B-geo
when	O
the	O
attack	O
occurred	O
or	O
if	O
anyone	O
was	O
hurt	O
.	O
Local	O
news	O
reports	O
said	O
at	O
least	O
five	O
mortar	O
shells	O
hit	O
the	O
palace	O
compound	O
and	O
other	O
mortars	O
were	O
fired	O
elsewhere	O
in	O
Mogadishu	B-geo
Wednesday	B-tim
.	O
The	O
attacks	O
occurred	O
after	O
the	O
government	O
said	O
it	O
will	O
go	O
ahead	O
with	O
a	O
reconciliation	O
conference	O
to	O
which	O
more	O
than	O
Somali	B-gpe
elders	O
warlords	O
and	O
politicians	O
are	O
invited	O
.	O
Iraqi	B-gpe
military	O
officials	O
say	O
tanks	O
and	O
troops	O
have	O
arrived	O
in	O
the	O
northern	O
city	O
Mosul	B-geo
for	O
a	O
new	O
offensive	O
against	O
al	B-org
Qaida	I-org
in	I-org
Iraq	I-org
fighters	O
.	O
Officials	O
will	O
not	O
say	O
how	O
many	O
troops	O
have	O
arrived	O
in	O
the	O
Sunni	B-geo
Arab	I-geo
and	O
Kurdish	B-geo
city	O
where	O
bombings	O
last	O
week	O
killed	O
at	O
least	O
34	O
people	O
and	O
wounded	O
more	O
than	O
200	O
.	O
U.S.	B-gpe
commanders	O
have	O
not	O
explained	O
how	O
American	B-gpe
forces	O
will	O
participate	O
in	O
the	O
offensive	O
.	O
Officials	O
say	O
al	B-org
Qaida	I-org
in	I-org
Iraq	I-org
fighters	O
have	O
fled	O
successful	O
campaigns	O
against	O
them	O
in	O
Anbar	B-geo
province	O
and	O
Baghdad	B-geo
to	O
other	O
northern	O
provinces	O
.	O
Mosul	B-geo
is	O
the	O
largest	O
city	O
north	O
of	O
Baghdad	B-geo
and	O
has	O
long	O
been	O
a	O
stronghold	O
of	O
Sunni	B-org
militant	O
fighters	O
.	O
In	O
other	O
violence	O
U.S.	B-gpe
officials	O
said	O
one	O
American	B-gpe
soldier	O
was	O
killed	O
while	O
on	O
patrol	O
in	O
Baghdad	B-geo
Sunday	B-tim
.	O
Egyptian	B-gpe
police	O
have	O
arrested	O
at	O
least	O
16	O
members	O
of	O
the	O
opposition	O
Muslim	B-org
Brotherhood	I-org
as	O
parts	O
of	O
the	O
country	O
prepare	O
for	O
parliamentary	O
runoff	O
elections	O
Saturday	B-tim
.	O
The	O
arrests	O
occurred	O
Friday	B-tim
in	O
Alexandria	B-geo
.	O
A	O
spokesman	O
for	O
the	O
Brotherhood	B-org
said	O
the	O
arrests	O
are	O
an	O
attempt	O
to	O
cut	O
the	O
Brotherhood	B-org
off	O
from	O
its	O
supporters	O
and	O
punishment	O
for	O
winning	O
parliamentary	O
seats	O
in	O
earlier	O
elections	O
.	O
The	O
Muslim	B-org
Brotherhood	I-org
has	O
tripled	O
its	O
strength	O
in	O
parliament	O
in	O
recent	O
elections	O
raising	O
the	O
party	O
's	O
total	O
to	O
47	O
seats	O
.	O
In	O
Saturday	B-tim
's	O
elections	O
voters	O
will	O
cast	O
ballots	O
in	O
nine	O
provinces	O
where	O
no	O
candidate	O
won	O
a	O
majority	O
in	O
the	O
previous	O
round	O
of	O
voting	O
.	O
The	O
Muslim	B-org
Brotherhood	I-org
is	O
banned	O
as	O
a	O
political	O
party	O
but	O
it	O
endorses	O
so-called	O
independent	O
candidates	O
whose	O
allegiance	O
to	O
the	O
party	O
is	O
known	O
to	O
voters	O
.	O
Hardline	O
lawmakers	O
in	O
Pakistan	B-geo
's	O
North	B-geo
West	I-geo
Frontier	I-geo
Province	I-geo
have	O
pushed	O
through	O
a	O
law	O
that	O
aims	O
to	O
ensure	O
Islamic	O
correctness	O
in	O
public	O
places	O
and	O
establishes	O
a	O
morality	O
police	O
to	O
enforce	O
decent	O
behavior	O
.	O
A	O
six-party	O
coalition	O
of	O
religious	O
based	O
parties	O
the	O
Mutahida	B-org
Majlis-e-Amal	I-org
dominates	O
the	O
provincial	O
assembly	O
so	O
the	O
bill	O
was	O
easily	O
passed	O
Thursday	B-tim
by	O
a	O
vote	O
of	O
68-34	O
.	O
The	O
provincial	O
governor	O
must	O
still	O
sign	O
the	O
bill	O
before	O
it	O
becomes	O
law	O
a	O
step	O
seen	O
only	O
as	O
a	O
formality	O
.	O
The	O
proposed	O
law	O
calls	O
for	O
setting	O
up	O
a	O
religious	O
police	O
force	O
to	O
make	O
sure	O
people	O
adhere	O
to	O
Islamic	O
values	O
in	O
public	O
places	O
and	O
entertainment	O
outlets	O
close	O
during	O
weekly	O
Friday	B-tim
prayers	O
.	O
Violators	O
could	O
be	O
jailed	O
for	O
up	O
to	O
six	O
months	O
.	O
The	O
opposition	O
has	O
denounced	O
the	O
measure	O
comparing	O
it	O
to	O
the	O
draconian	O
rule	O
of	O
the	O
former	O
Taleban	B-org
in	O
neighboring	O
Afghanistan	B-geo
.	O
British	B-gpe
police	O
say	O
they	O
have	O
arrested	O
a	O
man	O
who	O
dressed	O
as	O
suicide	O
bomber	O
at	O
a	O
demonstration	O
against	O
the	O
publication	O
of	O
cartoons	O
depicting	O
Islam	B-org
's	O
Prophet	B-per
Muhammad	I-per
.	O
Bedfordshire	B-gpe
police	O
said	O
Tuesday	B-tim
that	O
Omar	B-per
Khayam	I-per
was	O
arrested	O
in	O
Bedford	B-geo
for	O
breaching	O
the	O
conditions	O
of	O
his	O
parole	O
.	O
Police	O
said	O
the	O
British	B-org
Home	I-org
Office	I-org
sought	O
an	O
investigation	O
of	O
Khayam	B-per
's	O
behavior	O
after	O
he	O
was	O
photographed	O
last	O
week	O
at	O
a	O
demonstration	O
dressed	O
in	O
fatigues	O
a	O
black	O
cap	O
and	O
a	O
bulky	O
belt	O
.	O
A	O
Home	B-org
Office	I-org
spokesman	O
told	O
the	O
Associated	B-org
Press	I-org
that	O
if	O
the	O
behavior	O
of	O
a	O
paroled	O
offender	O
gives	O
cause	O
for	O
concern	O
he	O
can	O
be	O
sent	O
back	O
to	O
prison	O
.	O
The	O
AP	B-org
also	O
reports	O
Khayam	B-per
has	O
been	O
on	O
parole	O
from	O
prison	O
since	O
last	O
year	O
after	O
serving	O
half	O
his	O
six-year	O
sentence	O
for	O
drug	O
dealing	O
.	O
Pakistani	B-gpe
officials	O
say	O
unidentified	O
gunmen	O
have	O
killed	O
three	O
people	O
including	O
a	O
former	O
government	O
minister	O
in	O
a	O
semi-autonomous	O
tribal	O
region	O
bordering	O
Afghanistan	B-geo
.	O
The	O
officials	O
say	O
prominent	O
tribal	O
leader	O
Malik	B-per
Faridullah	I-per
Khan	I-per
was	O
traveling	O
in	O
South	B-geo
Waziristan	I-geo
Sunday	B-tim
when	O
his	O
vehicle	O
was	O
ambushed	O
in	O
the	O
Kani	B-geo
Wam	I-geo
area	O
.	O
His	O
driver	O
and	O
a	O
tribal	O
elder	O
were	O
also	O
killed	O
.	O
No	O
one	O
has	O
claimed	O
responsibility	O
for	O
the	O
killings	O
.	O
The	O
ambush	O
came	O
a	O
day	O
after	O
a	O
commander	O
of	O
Pakistani	B-gpe
troops	O
said	O
the	O
army	O
has	O
almost	O
completely	O
eliminated	O
militants	O
in	O
South	B-geo
Waziristan	I-geo
.	O
The	O
area	O
became	O
a	O
refuge	O
for	O
many	O
al-Qaida	B-org
and	O
Taleban	B-org
fighters	O
after	O
the	O
Taleban	B-org
government	O
was	O
ousted	O
in	O
Afghanistan	B-geo
in	O
2001	B-tim
.	O
A	O
senior	O
Pakistani	B-gpe
military	O
official	O
says	O
Pakistan	B-gpe
wants	O
to	O
put	O
what	O
he	O
calls	O
the	O
sordid	O
chapter	O
of	O
proliferation	O
by	O
one	O
of	O
its	O
top	O
scientists	O
behind	O
it	O
and	O
build	O
civilian	O
nuclear	O
ties	O
with	O
the	O
United	B-gpe
States	I-gpe
.	O
But	O
he	O
says	O
Pakistan	B-gpe
is	O
not	O
ready	O
to	O
make	O
the	O
nuclear	O
scientist	O
Abdul	B-per
Qadeer	I-per
Khan	I-per
available	O
for	O
direct	O
questioning	O
over	O
his	O
sale	O
of	O
nuclear	O
parts	O
and	O
secrets	O
to	O
states	O
including	O
Iran	B-gpe
Libya	B-gpe
and	O
North	B-gpe
Korea	I-gpe
.	O
He	O
said	O
there	O
are	O
reasons	O
of	O
national	O
sensitivities	O
for	O
not	O
making	O
him	O
available	O
.	O
The	O
Pakistani	B-gpe
official	O
was	O
giving	O
a	O
background	O
briefing	O
to	O
a	O
small	O
group	O
of	O
reporters	O
in	O
Washington	B-geo
.	O
Khan	B-per
admitted	O
in	O
2004	B-tim
that	O
he	O
operated	O
a	O
worldwide	O
clandestine	O
network	O
to	O
sell	O
nuclear	O
technology	O
in	O
the	O
black	O
market	O
.	O
He	O
was	O
placed	O
under	O
house	O
arrest	O
in	O
Islamabad	B-geo
but	O
not	O
jailed	O
because	O
he	O
is	O
considered	O
the	O
father	O
of	O
Pakistan	B-geo
's	O
nuclear	O
bomb	O
.	O
U.S.	B-gpe
Army	B-org
officials	O
said	O
Wednesday	B-tim
that	O
they	O
will	O
not	O
renew	O
a	O
controversial	O
multi-billion	O
dollar	O
contract	O
with	O
the	O
Halliburton	B-org
company	O
to	O
provide	O
logistical	O
support	O
to	O
U.S.	B-gpe
troops	O
in	O
Iraq	B-geo
and	O
elsewhere	O
.	O
Halliburton	B-org
has	O
been	O
providing	O
a	O
long	O
list	O
of	O
services	O
from	O
meals	O
to	O
communication	O
for	O
the	O
military	O
for	O
several	O
years	O
.	O
Critics	O
of	O
Halliburton	B-org
include	O
auditors	O
and	O
congressional	O
Democrats	O
.	O
They	O
say	O
the	O
company	O
has	O
produced	O
some	O
shoddy	O
work	O
and	O
charges	O
too	O
much	O
money	O
.	O
The	O
company	O
strongly	O
denies	O
the	O
allegations	O
.	O
When	O
the	O
huge	O
contract	O
is	O
put	O
out	O
for	O
re-bidding	O
several	O
companies	O
will	O
get	O
a	O
chance	O
to	O
compete	O
for	O
portions	O
of	O
the	O
work	O
.	O
Representatives	O
from	O
the	O
Asia	B-org
Pacific	I-org
Economic	I-org
Cooperation	I-org
Business	I-org
Advisory	I-org
Council	I-org
are	O
holding	O
meetings	O
this	O
week	O
to	O
finalize	O
their	O
annual	O
report	O
for	O
APEC	B-org
leaders	O
who	O
will	O
hold	O
a	O
summit	O
on	O
September	B-tim
8	I-tim
and	O
9	B-tim
.	O
VOA	B-org
's	O
Nancy-Amelia	B-per
Collins	I-per
reports	O
from	O
Sydney	B-geo
.	O
Energy	O
security	O
climate	O
change	O
the	O
World	B-org
Trade	I-org
Organization	I-org
's	O
stalled	O
negotiations	O
and	O
investment	O
are	O
all	O
expected	O
to	O
be	O
among	O
the	O
major	O
topics	O
in	O
the	O
annual	O
report	O
of	O
the	O
APEC	B-org
Business	I-org
Advisory	I-org
Council	I-org
known	O
as	O
ABAC	B-org
.	O
Tim	B-per
Harcourt	I-per
the	O
chief	O
economist	O
of	O
the	O
Australian	B-org
Trade	I-org
Commission	I-org
says	O
ABAC	B-org
plays	O
an	O
important	O
role	O
by	O
informing	O
governments	O
where	O
there	O
are	O
problems	O
.	O
The	O
most	O
important	O
thing	O
the	O
business	O
groups	O
can	O
do	O
is	O
to	O
tell	O
the	O
governments	O
where	O
there	O
are	O
logjams	O
where	O
there	O
are	O
obstacles	O
where	O
things	O
can	O
improve	O
Harcourt	B-per
said	O
.	O
I	O
think	O
actually	O
ABAC	B-org
has	O
played	O
a	O
pretty	O
good	O
leadership	O
on	O
that	O
in	O
talking	O
about	O
trade	O
facilitation	O
and	O
basically	O
making	O
sure	O
standards	O
are	O
consistent	O
and	O
harmonious	O
across	O
the	O
region	O
.	O
ABAC	B-org
comprises	O
up	O
to	O
three	O
members	O
of	O
the	O
private	O
sector	O
of	O
each	O
of	O
the	O
21	O
economies	O
that	O
make	O
up	O
APEC	B-org
.	O
It	O
meets	O
three	O
times	O
a	O
year	O
.	O
It	O
was	O
made	O
a	O
permanent	O
body	O
in	O
1995	B-tim
to	O
provide	O
an	O
independent	O
business	O
perspective	O
within	O
APEC	B-org
.	O
Members	O
represent	O
a	O
range	O
of	O
business	O
sectors	O
including	O
medium	O
and	O
small	O
businesses	O
.	O
ABAC	B-org
says	O
there	O
is	O
a	O
need	O
for	O
businesses	O
to	O
improve	O
energy	O
efficiency	O
and	O
to	O
encourage	O
conservation	O
practices	O
and	O
is	O
expected	O
to	O
include	O
this	O
in	O
its	O
annual	O
report	O
.	O
Harcourt	B-per
of	O
the	O
Australian	B-org
Trade	I-org
Commission	I-org
says	O
the	O
ABAC	B-org
report	O
will	O
also	O
discuss	O
ways	O
to	O
enhance	O
regional	O
cooperation	O
.	O
I	O
reckon	O
they	O
'll	O
talk	O
a	O
little	O
bit	O
about	O
customs	O
and	O
quarantine	O
a	O
little	O
bit	O
about	O
having	O
consistent	O
security	O
arrangements	O
around	O
the	O
region	O
Harcourt	B-per
said	O
.	O
And	O
I	O
think	O
they	O
'll	O
want	O
a	O
one-stop	O
shop	O
in	O
terms	O
of	O
combining	O
security	O
immigration	O
customs	O
and	O
quarantine	O
together	O
just	O
to	O
make	O
sure	O
it	O
's	O
more	O
streamlined	O
and	O
provides	O
more	O
certainty	O
.	O
ABAC	B-org
is	O
the	O
only	O
non-governmental	O
body	O
that	O
has	O
an	O
official	O
role	O
and	O
formal	O
dialogue	O
with	O
the	O
leaders	O
of	O
the	O
APEC	B-org
economies	O
.	O
It	O
will	O
present	O
its	O
annual	O
report	O
at	O
the	O
APEC	B-org
leaders	O
meeting	O
on	O
Saturday	B-tim
.	O
Sudan	B-gpe
's	O
government	O
says	O
it	O
will	O
order	O
troops	O
to	O
end	O
attacks	O
immediately	O
in	O
Darfur	B-geo
and	O
is	O
asking	O
rebels	O
to	O
do	O
the	O
same	O
.	O
Foreign	B-per
Minister	I-per
Mustafa	I-per
Osman	I-per
Ismail	I-per
says	O
Sudanese	B-gpe
troops	O
will	O
also	O
withdraw	O
to	O
positions	O
held	O
before	O
an	O
April	B-tim
cease-fire	O
if	O
rebels	O
in	O
the	O
western	O
region	O
agree	O
to	O
stop	O
attacks	O
.	O
Mr.	B-per
Ismail	I-per
announced	O
the	O
decision	O
after	O
meeting	O
with	O
officials	O
from	O
the	O
United	B-org
Nations	I-org
and	O
African	B-org
Union	I-org
in	O
Khartoum	B-geo
Sunday	B-tim
.	O
In	O
recent	O
weeks	O
AU	B-org
officials	O
say	O
Sudanese	B-gpe
troops	O
and	O
rebels	O
have	O
repeatedly	O
violated	O
the	O
April	B-tim
truce	O
.	O
Saturday	B-tim
the	O
head	O
of	O
AU	B-org
forces	O
in	O
Darfur	B-geo
accused	O
Sudanese	B-gpe
government	O
helicopters	O
of	O
bombing	O
rebel	O
sites	O
in	O
the	O
South	B-geo
Darfur	I-geo
village	O
of	O
Labado	B-geo
.	O
Khartoum	B-gpe
says	O
troops	O
were	O
defending	O
their	O
positions	O
from	O
rebel	O
attacks	O
.	O
Aid	O
workers	O
say	O
some	O
relief	O
efforts	O
have	O
been	O
suspended	O
in	O
South	B-geo
Darfur	I-geo
due	O
to	O
recent	O
attacks	O
.	O
Indonesian	B-gpe
police	O
have	O
arrested	O
three	O
men	O
in	O
connection	O
with	O
the	O
October	B-tim
1	I-tim
Bali	B-geo
bombings	O
that	O
left	O
23	O
people	O
dead	O
.	O
Indonesian	B-gpe
police	O
said	O
Wednesday	B-tim
the	O
men	O
were	O
flown	O
to	O
Bali	B-geo
from	O
neighboring	O
Java	B-geo
island	O
for	O
questioning	O
at	O
Bali	B-geo
police	O
headquarters	O
.	O
Australian	B-gpe
and	O
French	B-gpe
news	O
agencies	O
say	O
at	O
least	O
one	O
of	O
the	O
men	O
arrested	O
(	O
Cholily	B-per
)	O
was	O
captured	O
during	O
a	O
series	O
of	O
counter-terrorism	O
raids	O
last	O
week	O
in	O
Indonesia	B-geo
.	O
The	O
raids	O
ended	O
with	O
the	O
death	O
of	O
alleged	O
extremist	O
bombmaker	O
Azahari	B-per
bin	I-per
Husin	I-per
.	O
Indonesian	B-gpe
authorities	O
blame	O
Azahari	B-per
bin	I-per
Husin	I-per
for	O
orchestrating	O
last	O
month	O
's	O
attacks	O
in	O
Bali	B-geo
as	O
well	O
as	O
the	O
2002	B-tim
Bali	B-geo
bombings	O
that	O
killed	O
more	O
than	O
200	O
people	O
.	O
Gunmen	O
have	O
shot	O
and	O
killed	O
a	O
Roman	B-org
Catholic	I-org
nun	O
and	O
her	O
bodyguard	O
at	O
the	O
hospital	O
where	O
she	O
worked	O
in	O
Islamist-controlled	O
Mogadishu	B-geo
Somalia	B-geo
.	O
Some	O
witnesses	O
to	O
the	O
Sunday	B-tim
shooting	O
said	O
they	O
feared	O
the	O
attack	O
was	O
linked	O
to	O
Muslim	O
anger	O
toward	O
Pope	B-per
Benedict	I-per
.	O
Two	O
men	O
with	O
pistols	O
attacked	O
the	O
nun	O
Sister	B-per
Leonella	I-per
Sgorbati	I-per
after	O
she	O
finished	O
teaching	O
a	O
medical	O
school	O
class	O
at	O
the	O
hospital	O
in	O
southern	O
Mogadishu	B-geo
.	O
Officials	O
say	O
one	O
suspect	O
was	O
arrested	O
.	O
In	O
Rome	B-geo
a	O
Vatican	B-org
spokesman	O
deplored	O
the	O
attack	O
and	O
said	O
he	O
hoped	O
it	O
was	O
an	O
isolated	O
event	O
and	O
not	O
irrationality	O
arising	O
from	O
comments	O
made	O
by	O
the	O
Pope	O
which	O
angered	O
some	O
Muslims	O
.	O
Authorities	O
in	O
Mogadishu	B-geo
have	O
not	O
determined	O
a	O
motive	O
for	O
the	O
shooting	O
.	O
The	O
pope	O
has	O
said	O
he	O
meant	O
no	O
offense	O
to	O
Muslims	O
when	O
he	O
quoted	O
a	O
14	O
century	O
Byzantine	B-per
emperor	O
as	O
saying	O
some	O
teachings	O
of	O
the	O
Prophet	B-per
Muhammed	I-per
brought	O
evil	O
to	O
the	O
world	O
.	O
Pakistani	B-gpe
forces	O
have	O
targeted	O
militants	O
in	O
the	O
northwest	O
for	O
a	O
third	O
day	O
launching	O
airstrikes	O
that	O
they	O
say	O
killed	O
at	O
least	O
nine	O
suspected	O
insurgents	O
.	O
Helicopter	O
gunships	O
Saturday	B-tim
pounded	O
militant	O
hideouts	O
in	O
the	O
Orakzai	B-geo
tribal	O
region	O
where	O
many	O
Taliban	B-org
militants	O
are	O
believed	O
to	O
have	O
fled	O
to	O
avoid	O
an	O
earlier	O
military	O
offensive	O
in	O
nearby	O
South	B-geo
Waziristan	I-geo
.	O
The	O
Pakistani	B-gpe
military	O
launched	O
its	O
offensive	O
in	O
Orakzai	B-geo
to	O
hunt	O
Taliban	B-org
insurgents	O
.	O
So	O
far	O
nearly	O
100	O
militants	O
have	O
been	O
reported	O
killed	O
in	O
the	O
region	O
since	O
Thursday	B-tim
.	O
On	O
Friday	B-tim
five	O
soldiers	O
were	O
killed	O
when	O
dozens	O
of	O
militants	O
stormed	O
a	O
military	O
checkpoint	O
in	O
Orakzai	B-geo
.	O
At	O
least	O
32	O
suspected	O
militants	O
were	O
killed	O
when	O
troops	O
launched	O
a	O
counter-attack	O
.	O
Elsewhere	O
in	O
the	O
northwest	O
authorities	O
on	O
Saturday	B-tim
found	O
the	O
bodies	O
of	O
six	O
people	O
who	O
had	O
been	O
shot	O
dead	O
in	O
the	O
Kurram	B-geo
region	O
along	O
the	O
Afghan	B-gpe
border	O
.	O
The	O
six	O
were	O
kidnapped	O
a	O
few	O
days	O
ago	O
.	O
The	O
U.S.	B-org
military	O
in	O
Afghanistan	B-geo
says	O
coalition	O
forces	O
killed	O
14	O
Taleban	B-org
militants	O
in	O
separate	O
clashes	O
this	O
week	O
.	O
The	O
military	O
said	O
Saturday	B-tim
13	O
guerrillas	O
were	O
killed	O
in	O
two	O
encounters	O
in	O
the	O
central	O
province	O
of	O
Uruzgan	B-geo
.	O
One	O
Afghan	B-gpe
soldier	O
was	O
killed	O
and	O
four	O
others	O
including	O
a	O
U.S.	B-gpe
soldier	O
were	O
injured	O
in	O
the	O
fighting	O
.	O
Another	O
militant	O
was	O
killed	O
by	O
U.S.	B-gpe
troops	O
in	O
eastern	O
Paktika	B-geo
province	O
.	O
Separately	O
officials	O
say	O
four	O
British	B-gpe
soldiers	O
from	O
the	O
NATO-led	O
peacekeeping	O
mission	O
were	O
wounded	O
early	O
Saturday	B-tim
in	O
an	O
attack	O
in	O
the	O
northern	O
city	O
of	O
Mazar-e-Sharif	B-geo
.	O
It	O
was	O
not	O
immediately	O
clear	O
what	O
motivated	O
the	O
attack	O
.	O
Taleban	B-org
rebels	O
are	O
not	O
known	O
to	O
operate	O
in	O
northern	O
Afghanistan	B-geo
and	O
the	O
area	O
has	O
been	O
spared	O
much	O
of	O
the	O
bloodshed	O
that	O
has	O
plagued	O
southern	O
and	O
eastern	O
regions	O
.	O
Russian	B-gpe
officials	O
say	O
at	O
least	O
five	O
more	O
people	O
have	O
died	O
from	O
a	O
wave	O
of	O
extremely	O
cold	O
weather	O
gripping	O
the	O
nation	O
bringing	O
the	O
death	O
toll	O
to	O
43	O
in	O
the	O
past	O
week	O
.	O
Emergency	O
medical	O
officials	O
say	O
the	O
five	O
victims	O
died	O
in	O
Moscow	B-geo
from	O
exposure	O
and	O
another	O
19	O
people	O
are	O
hospitalized	O
with	O
hypothermia	O
.	O
Russia	B-geo
's	O
Itar-Tass	B-org
news	O
agency	O
quotes	O
a	O
medical	O
official	O
as	O
saying	O
some	O
of	O
the	O
victims	O
were	O
intoxicated	O
or	O
homeless	O
.	O
The	O
unusually	O
cold	O
weather	O
is	O
affecting	O
Russia	B-geo
the	O
Baltic	B-geo
states	I-geo
of	O
Lithuania	B-geo
Latvia	B-geo
and	O
Estonia	B-geo
and	O
is	O
moving	O
into	O
the	O
Nordic	O
countries	O
.	O
The	O
death	O
toll	O
is	O
expected	O
to	O
rise	O
as	O
temperatures	O
continue	O
to	O
hover	O
around	O
minus	O
30	O
degrees	O
Celsius	O
or	O
lower	O
overnight	O
.	O
Emergency	O
power	O
rationing	O
has	O
been	O
put	O
into	O
effect	O
around	O
Moscow	B-geo
.	O
Health	O
officials	O
in	O
Vietnam	B-geo
say	O
a	O
deadly	O
strain	O
of	O
the	O
bird	O
flu	O
virus	O
has	O
killed	O
a	O
second	O
Vietnamese	B-gpe
man	O
this	O
week	O
raising	O
the	O
country	O
's	O
death	O
toll	O
from	O
the	O
virus	O
to	O
50	O
.	O
Officials	O
say	O
the	O
27-year	O
old	O
man	O
from	O
Vietnam	B-geo
's	O
northern	O
Ninh	B-gpe
Binh	I-gpe
province	O
died	O
late	O
Thursday	B-tim
and	O
tested	O
positive	O
for	O
the	O
H5N1	B-nat
strain	O
of	O
bird	O
flu	O
.	O
Officials	O
say	O
the	O
man	O
fell	O
ill	O
after	O
slaughtering	O
two	O
chickens	O
at	O
his	O
home	O
.	O
He	O
is	O
the	O
third	O
person	O
to	O
die	O
from	O
avian	O
influenza	O
in	O
Vietnam	B-geo
this	O
year	O
.	O
Not	O
counting	O
the	O
latest	O
death	O
the	O
World	B-org
Health	I-org
Organization	I-org
says	O
227	O
people	O
around	O
the	O
world	O
have	O
died	O
from	O
bird	O
flu	O
since	O
2003	B-tim
.	O
Most	O
of	O
the	O
world	O
's	O
cases	O
103	O
have	O
occurred	O
in	O
Indonesia	B-geo
.	O
Witnesses	O
in	O
Somalia	B-geo
say	O
insurgents	O
have	O
burned	O
and	O
dragged	O
the	O
bodies	O
of	O
at	O
least	O
two	O
soldiers	O
through	O
the	O
streets	O
of	O
Mogadishu	B-geo
after	O
a	O
clash	O
between	O
militants	O
and	O
Ethiopian	B-gpe
forces	O
killed	O
seven	O
people	O
.	O
The	O
violence	O
erupted	O
Wednesday	B-tim
after	O
insurgents	O
attacked	O
Ethiopian	B-gpe
tanks	O
rolling	O
through	O
an	O
insurgent	O
stronghold	O
near	O
the	O
headquarters	O
of	O
the	O
former	O
Defense	B-org
Ministry	I-org
in	O
southern	O
Mogadishu	B-geo
.	O
Witnesses	O
say	O
the	O
Ethiopian	B-gpe
troops	O
returned	O
heavy	O
fire	O
and	O
that	O
several	O
people	O
were	O
wounded	O
in	O
the	O
fighting	O
.	O
Ethiopia	B-gpe
deployed	O
soldiers	O
to	O
Somalia	B-geo
last	O
December	B-tim
to	O
help	O
the	O
interim	O
government	O
push	O
an	O
Islamist	O
movement	O
from	O
power	O
.	O
Somalia	B-gpe
's	O
internationally-recognized	O
government	O
has	O
since	O
been	O
struggling	O
to	O
contain	O
regular	O
outbursts	O
of	O
violence	O
by	O
fighters	O
loyal	O
to	O
the	O
fallen	O
Islamist	B-org
movement	O
.	O
The	O
African	B-org
Union	I-org
has	O
deployed	O
troops	O
to	O
Somalia	B-geo
to	O
replace	O
the	O
Ethiopian	B-gpe
forces	O
which	O
Addis	B-gpe
Ababa	I-gpe
plans	O
to	O
withdraw	O
.	O
Top	O
Palestinian	B-gpe
negotiator	O
Ahmed	B-per
Qureia	I-per
says	O
Israeli	B-gpe
and	O
Palestinian	B-gpe
mediators	O
have	O
agreed	O
to	O
prepare	O
a	O
document	O
outlining	O
their	O
progress	O
toward	O
a	O
peace	O
accord	O
.	O
In	O
remarks	O
to	O
reporters	O
Qureia	B-per
said	O
the	O
two	O
sides	O
agreed	O
during	O
recent	O
meetings	O
to	O
begin	O
writing	O
out	O
their	O
positions	O
on	O
all	O
issues	O
discussed	O
during	O
peace	O
negotiations	O
.	O
He	O
did	O
not	O
elaborate	O
on	O
why	O
negotiators	O
had	O
come	O
to	O
the	O
decision	O
.	O
Israeli	B-gpe
Prime	B-per
Minister	I-per
Ehud	I-per
Olmert	I-per
and	O
Palestinian	B-gpe
President	B-per
Mahmoud	I-per
Abbas	I-per
resumed	O
U.S.-brokered	O
peace	O
talks	O
last	O
November	B-tim
but	O
progress	O
has	O
been	O
slow	O
.	O
The	O
two	O
sides	O
have	O
expressed	O
hope	O
at	O
reaching	O
a	O
peace	O
deal	O
before	O
U.S.	B-gpe
President	B-per
George	I-per
Bush	I-per
leaves	O
office	O
early	O
next	O
year	O
.	O
But	O
Qureia	B-per
said	O
Wednesday	B-tim
that	O
reaching	O
a	O
peace	O
agreement	O
with	O
Israel	B-geo
before	O
Mr.	B-per
Bush	I-per
leaves	O
office	O
will	O
take	O
a	O
miracle	O
.	O
He	O
told	O
reporters	O
in	O
the	O
West	B-geo
Bank	I-geo
that	O
there	O
is	O
still	O
room	O
for	O
progress	O
in	O
Israeli-Palestinian	O
negotiations	O
.	O
The	O
Israeli	B-gpe
military	O
says	O
Major	B-per
General	I-per
Udi	I-per
Adam	I-per
-	O
the	O
head	O
of	O
the	O
army	O
's	O
Northern	B-org
Command	I-org
-	O
has	O
announced	O
his	O
resignation	O
.	O
A	O
military	O
statement	O
Wednesday	B-tim
said	O
General	B-per
Adam	I-per
has	O
asked	O
to	O
leave	O
his	O
post	O
as	O
soon	O
as	O
possible	O
and	O
the	O
chief	O
of	O
staff	O
has	O
accepted	O
the	O
request	O
to	O
begin	O
the	O
process	O
of	O
his	O
replacement	O
.	O
Adam	B-per
was	O
widely	O
expected	O
to	O
leave	O
the	O
army	O
after	O
he	O
was	O
pushed	O
aside	O
near	O
the	O
end	O
of	O
the	O
34-day	O
war	O
against	O
Hezbollah	B-org
guerrillas	O
in	O
Lebanon	B-geo
.	O
He	O
was	O
replaced	O
by	O
another	O
general	O
as	O
coordinator	O
of	O
operations	O
in	O
Lebanon	B-geo
.	O
Israeli	B-gpe
media	O
say	O
Adam	B-per
had	O
several	O
disagreements	O
with	O
the	O
army	O
chief	O
Lieutenant	B-per
General	I-per
Dan	I-per
Halutz	I-per
over	O
the	O
conduct	O
of	O
the	O
war	O
.	O
A	O
Washington-based	O
research	O
institute	O
says	O
Pakistan	B-gpe
is	O
building	O
a	O
nuclear	O
reactor	O
that	O
could	O
produce	O
enough	O
plutonium	O
for	O
40	O
to	O
50	O
nuclear	O
weapons	O
a	O
year	O
.	O
The	O
Institute	B-org
for	I-org
Science	I-org
and	I-org
International	I-org
Security	I-org
reports	O
that	O
satellite	O
photos	O
show	O
a	O
possible	O
construction	O
site	O
for	O
a	O
larger	O
nuclear	O
reactor	O
near	O
the	O
small	O
one	O
in	O
the	O
Khushab	B-geo
district	O
of	O
Punjab	B-geo
province	O
.	O
The	O
report	O
says	O
such	O
a	O
reactor	O
could	O
produce	O
over	O
200	O
kilograms	O
of	O
weapons-grade	O
plutonium	O
good	O
for	O
40	O
to	O
50	O
nuclear	O
weapons	O
a	O
year	O
.	O
According	O
to	O
some	O
media	O
reports	O
Pakistan	B-gpe
is	O
now	O
capable	O
of	O
producing	O
plutonium	O
for	O
just	O
two	O
warheads	O
a	O
year	O
.	O
Pakistan	B-geo
's	O
Foreign	B-org
Ministry	I-org
spokeswoman	O
Tasnim	B-per
Aslam	I-per
declined	O
to	O
say	O
whether	O
a	O
new	O
reactor	O
is	O
being	O
constructed	O
but	O
she	O
said	O
the	O
presence	O
of	O
a	O
nuclear	O
weapons	O
program	O
and	O
facilities	O
at	O
Khushab	B-geo
are	O
well	O
known	O
.	O
The	O
American	B-org
Diabetes	I-org
Association	I-org
reports	O
the	O
disease	O
is	O
the	O
leading	O
cause	O
of	O
new	O
cases	O
of	O
blindness	O
among	O
adults	O
.	O
It	O
is	O
the	O
leading	O
cause	O
of	O
kidney	O
failure	O
.	O
The	O
rate	O
of	O
amputation	O
is	O
10	O
times	O
higher	O
among	O
those	O
who	O
suffer	O
from	O
the	O
disease	O
.	O
Experts	O
say	O
those	O
who	O
learn	O
how	O
to	O
manage	O
the	O
disease	O
early	O
can	O
live	O
healthier	O
and	O
more	O
normal	O
lives	O
.	O
VOA	B-org
's	O
June	B-per
Soh	I-per
found	O
camps	O
that	O
provide	O
children	O
with	O
this	O
chronic	O
disease	O
a	O
positive	O
approach	O
to	O
living	O
with	O
diabetes	O
while	O
letting	O
them	O
just	O
be	O
kids	O
.	O
Amy	B-per
Katz	I-per
Narrates	O
.	O
Cuba	B-gpe
and	O
Panama	B-gpe
have	O
said	O
they	O
will	O
restore	O
consular	O
relations	O
months	O
after	O
Havana	B-gpe
broke	O
ties	O
with	O
Panama	B-gpe
City	I-gpe
for	O
pardoning	O
four	O
men	O
convicted	O
in	O
connection	O
with	O
an	O
assassination	O
attempt	O
against	O
Cuban	B-gpe
President	B-per
Fidel	I-per
Castro	I-per
.	O
The	O
countries	O
agreed	O
to	O
reopen	O
their	O
consulates	O
following	O
a	O
meeting	O
Friday	B-tim
between	O
Panamanian	B-gpe
President	B-per
Martin	I-per
Torrijos	I-per
and	O
Cuban	B-gpe
Vice	B-per
President	I-per
Carlos	I-per
Lage	I-per
.	O
The	O
meeting	O
took	O
place	O
on	O
the	O
sidelines	O
of	O
the	O
Ibero-American	O
Summit	O
in	O
San	B-geo
Jose	I-geo
Costa	B-geo
Rica	I-geo
where	O
heads	O
of	O
state	O
were	O
meeting	O
to	O
discuss	O
a	O
candidate	O
to	O
head	O
the	O
Organization	B-org
of	I-org
American	I-org
States	I-org
and	O
other	O
regional	O
issues	O
.	O
Cuba	B-gpe
severed	O
ties	O
with	O
Panama	B-gpe
in	O
August	B-tim
hours	O
after	O
Panamanian	B-gpe
President	B-per
Mireya	I-per
Moscoso	I-per
in	O
her	O
final	O
days	O
in	O
office	O
pardoned	O
the	O
men	O
preventing	O
their	O
extradition	O
to	O
Cuba	B-geo
.	O
They	O
were	O
convicted	O
of	O
plotting	O
to	O
kill	O
Mr.	B-per
Castro	I-per
during	O
the	O
2000	B-tim
Ibero-American	O
summit	O
in	O
Panama	B-geo
City	I-geo
.	O
The	O
Israeli	B-gpe
army	O
has	O
killed	O
a	O
Palestinian	B-gpe
youth	O
in	O
the	O
northern	O
Gaza	B-geo
Strip	I-geo
and	O
wounded	O
at	O
least	O
three	O
other	O
people	O
.	O
The	O
army	O
says	O
it	O
targeted	O
a	O
man	O
who	O
was	O
collecting	O
a	O
rocket	O
launcher	O
from	O
an	O
area	O
used	O
to	O
fire	O
rockets	O
at	O
Israel	B-geo
recently	O
.	O
Palestinian	B-gpe
medical	O
sources	O
say	O
the	O
Israeli	B-gpe
strike	O
killed	O
a	O
teenager	O
.	O
The	O
Israeli	B-gpe
military	O
began	O
an	O
offensive	O
in	O
Gaza	B-geo
after	O
militants	O
kidnapped	O
an	O
Israeli	B-gpe
soldier	O
in	O
June	B-tim
.	O
More	O
than	O
200	O
Palestinians	B-gpe
have	O
been	O
killed	O
in	O
the	O
offensive	O
.	O
On	O
Sunday	B-tim
Palestinian	B-gpe
Prime	B-per
Minister	I-per
Ismail	I-per
Haniyeh	I-per
said	O
his	O
Hamas-led	O
government	O
will	O
not	O
recognize	O
Israel	B-gpe
.	O
He	O
said	O
an	O
Arab	B-gpe
peace	O
plan	O
for	O
the	O
region	O
is	O
problematic	O
because	O
it	O
requires	O
Palestinians	B-gpe
to	O
recognize	O
Israel	B-gpe
in	O
exchange	O
for	O
an	O
Israeli	B-gpe
pullout	O
from	O
Palestinian	B-gpe
territories	O
.	O
He	O
spoke	O
after	O
a	O
week	O
of	O
deadly	O
political	O
infighting	O
between	O
Hamas	B-org
and	O
the	O
rival	O
Fatah	B-org
party	O
of	O
President	B-per
Mahmoud	I-per
Abbas	I-per
.	O
U.S.	B-geo
automaker	O
Chrysler	B-org
has	O
opened	O
a	O
$	O
570	O
million	O
engine	O
plant	O
in	O
northern	O
Mexico	B-geo
.	O
During	O
the	O
ceremonial	O
startup	O
of	O
the	O
Saltillo	B-art
plant	O
Friday	B-tim
Mexican	B-gpe
President	B-per
Felipe	I-per
Calderon	I-per
said	O
Chrysler	B-org
's	O
sixth	O
plant	O
in	O
Mexico	B-geo
will	O
create	O
700	O
jobs	O
.	O
Mr.	B-per
Calderon	I-per
said	O
Mexico	B-gpe
has	O
become	O
a	O
worldwide	O
leader	O
in	O
the	O
auto	O
industry	O
.	O
Chrysler	B-org
plans	O
to	O
build	O
its	O
new	O
fuel-efficient	O
Pentastar	B-art
V-6	I-art
engine	O
for	O
Chrysler	B-art
Dodge	B-art
Jeep	B-art
and	O
Ram	B-art
vehicles	O
.	O
Mexican	B-gpe
officials	O
say	O
the	O
new	O
plant	O
will	O
have	O
the	O
capacity	O
to	O
build	O
engines	O
per	O
year	O
.	O
A	O
U.S.	B-geo
jury	O
has	O
found	O
that	O
drug	O
maker	O
Merck	B-org
is	O
not	O
liable	O
for	O
the	O
heart	O
attack	O
suffered	O
by	O
a	O
man	O
taking	O
its	O
painkiller	O
Vioxx	B-art
.	O
The	O
New	B-geo
Jersey	I-geo
jurists	O
agreed	O
with	O
Merck	B-org
that	O
job	O
stress	O
and	O
health	O
risks	O
caused	O
the	O
60-year	O
old	O
postal	O
worker	O
to	O
have	O
a	O
heart	O
attack	O
four	O
years	O
ago	O
.	O
The	O
plaintiff	O
argued	O
Vioxx	B-org
was	O
responsible	O
.	O
The	O
jury	O
also	O
rejected	O
the	O
man	O
's	O
claim	O
that	O
Merck	B-org
failed	O
to	O
properly	O
warn	O
users	O
about	O
the	O
drug	O
's	O
risks	O
.	O
Merck	B-org
withdrew	O
the	O
popular	O
drug	O
last	O
year	O
after	O
a	O
study	O
showed	O
it	O
doubled	O
the	O
risk	O
of	O
heart	O
problems	O
in	O
long-term	O
users	O
.	O
Merck	B-org
is	O
facing	O
thousands	O
of	O
other	O
lawsuits	O
over	O
Vioxx	B-art
.	O
Thursday	B-tim
's	O
verdict	O
is	O
only	O
the	O
second	O
in	O
a	O
Vioxx	B-art
case	O
.	O
In	O
the	O
first	O
Merck	B-org
was	O
ordered	O
to	O
pay	O
millions	O
of	O
dollars	O
to	O
the	O
widow	O
of	O
a	O
Vioxx	B-art
user	O
.	O
Merck	B-org
is	O
appealing	O
that	O
decision	O
.	O
The	O
rumors	O
are	O
TRUE	O
:	O
Nicole	B-per
Ritchie	I-per
is	O
pregnant	O
.	O
Speaking	O
to	O
ABC	B-org
News	I-org
interviewer	O
Dianne	B-per
Sawyer	I-per
the	O
25-year-old	O
co-star	O
of	O
TV	O
's	O
The	B-art
Simple	I-art
Life	I-art
said	O
she	O
is	O
almost	O
four	O
months	O
along	O
in	O
her	O
pregnancy	O
.	O
She	O
said	O
the	O
father	O
is	O
her	O
boyfriend	O
Joel	B-per
Madden	I-per
of	O
the	O
rock	O
band	O
Good	B-org
Charlotte	I-org
.	O
Ritchie	B-per
also	O
spoke	O
about	O
her	O
guilty	O
plea	O
last	O
week	O
to	O
driving	O
under	O
the	O
influence	O
and	O
the	O
resulting	O
four-day	O
jail	O
sentence	O
.	O
I	O
have	O
a	O
responsibility	O
and	O
it	O
's	O
something	O
that	O
I	O
did	O
wrong	O
and	O
if	O
I	O
could	O
personally	O
apologize	O
to	O
every	O
single	O
person	O
that	O
has	O
lost	O
a	O
loved	O
one	O
from	O
drunk	O
driving	O
I	O
would	O
she	O
said	O
.	O
And	O
unfortunately	O
I	O
ca	O
n't	O
but	O
this	O
is	O
my	O
way	O
of	O
paying	O
my	O
dues	O
and	O
taking	O
responsibility	O
and	O
being	O
an	O
adult	O
.	O
The	O
interview	O
airs	O
August	B-tim
2	I-tim
and	O
3	B-tim
on	O
Good	B-art
Morning	I-art
America	I-art
and	O
later	O
August	B-tim
3	I-tim
on	O
20/20	B-art
.	O
U.S.	B-gpe
Senator	B-per
John	I-per
Warner	I-per
of	O
the	O
southeastern	O
state	O
of	O
Virginia	B-geo
a	O
prominent	O
Republican	O
figure	O
in	O
the	O
debate	O
over	O
the	O
war	O
in	O
Iraq	B-geo
says	O
he	O
will	O
retire	O
after	O
finishing	O
his	O
term	O
in	O
2009	B-tim
.	O
Warner	B-per
told	O
supporters	O
outside	O
of	O
the	O
University	B-org
of	I-org
Virginia	I-org
Friday	B-tim
that	O
he	O
will	O
not	O
seek	O
a	O
sixth	O
term	O
in	O
the	O
2008	B-tim
elections	O
.	O
The	O
former	O
chairman	O
of	O
the	O
powerful	O
Senate	B-org
Armed	I-org
Services	I-org
Committee	I-org
has	O
openly	O
criticized	O
President	B-per
Bush	I-per
's	O
handling	O
of	O
the	O
war	O
in	O
Iraq	B-geo
.	O
He	O
called	O
on	O
Mr.	B-per
Bush	I-per
earlier	O
this	O
month	O
to	O
begin	O
withdrawing	O
some	O
U.S.	B-gpe
troops	O
from	O
Iraq	B-geo
.	O
His	O
retirement	O
will	O
leave	O
open	O
what	O
would	O
have	O
been	O
a	O
relatively	O
safe	O
seat	O
for	O
Republicans	O
in	O
the	O
fight	O
for	O
Senate	B-org
control	O
in	O
the	O
elections	O
.	O
Democrats	O
will	O
now	O
have	O
a	O
better	O
chance	O
to	O
protect	O
or	O
expand	O
their	O
one-seat	O
majority	O
in	O
the	O
Senate	B-org
.	O
When	O
he	O
leaves	O
office	O
the	O
80-year-old	O
former	O
Navy	B-org
secretary	O
will	O
have	O
served	O
30	O
years	O
as	O
a	O
U.S.	B-gpe
senator	O
.	O
The	O
United	B-org
Nations	I-org
says	O
December	B-tim
's	O
Indian	B-geo
Ocean	I-geo
tsunami	O
caused	O
around	O
$	O
520	O
million	O
in	O
damage	O
to	O
fishing	O
industries	O
in	O
seven	O
of	O
the	O
worst	O
hit	O
countries	O
.	O
The	O
U.N.	B-org
's	O
Food	B-org
and	I-org
Agricultural	I-org
Organization	I-org
(	O
FAO	B-org
)	O
said	O
the	O
tsunami	O
destroyed	O
or	O
damaged	O
more	O
fishing	O
vessels	O
in	O
the	O
region	O
.	O
It	O
said	O
the	O
loss	O
was	O
significant	O
in	O
a	O
region	O
where	O
fishing	O
provides	O
a	O
vital	O
source	O
of	O
food	O
.	O
The	O
FAO	B-org
's	O
estimate	O
includes	O
damage	O
to	O
fishing	O
industries	O
in	O
Indonesia	B-geo
Maldives	B-geo
Somalia	B-geo
Sri	B-geo
Lanka	I-geo
and	O
Thailand	B-geo
.	O
The	O
agency	O
says	O
it	O
has	O
sent	O
experts	O
to	O
help	O
rebuild	O
fishing	O
industry	O
infrastructure	O
lost	O
in	O
the	O
disaster	O
and	O
is	O
developing	O
strategies	O
for	O
long-term	O
recovery	O
in	O
the	O
region	O
.	O
Officials	O
in	O
Indonesia	B-geo
say	O
another	O
person	O
has	O
died	O
from	O
bird	O
flu	O
bringing	O
the	O
country	O
's	O
death	O
toll	O
from	O
the	O
disease	O
to	O
96	O
since	O
the	O
outbreak	O
started	O
in	O
2003	B-tim
.	O
The	O
latest	O
victim	O
was	O
a	O
16-year-old	O
girl	O
from	O
the	O
town	O
of	O
Bekasi	B-geo
on	O
the	O
eastern	O
outskirts	O
of	O
Jakarta	B-geo
.	O
Officials	O
say	O
she	O
died	O
Tuesday	B-tim
.	O
Monday	B-tim
officials	O
reported	O
that	O
a	O
32-year-old	O
woman	O
from	O
an	O
area	O
just	O
west	O
of	O
Jakarta	B-geo
died	O
of	O
bird	O
flu	O
last	O
week	O
at	O
her	O
home	O
in	O
the	O
city	O
of	O
Tangerang	B-geo
.	O
A	O
statement	O
from	O
the	O
health	O
ministry	O
said	O
the	O
woman	O
's	O
family	O
kept	O
chickens	O
in	O
their	O
backyard	O
.	O
Humans	O
are	O
usually	O
infected	O
with	O
bird	O
flu	O
by	O
direct	O
contact	O
with	O
infected	O
poultry	O
but	O
experts	O
fear	O
the	O
H5N1	B-nat
virus	O
may	O
mutate	O
into	O
a	O
form	O
easily	O
transmitted	O
between	O
people	O
.	O
Scientists	O
fear	O
such	O
a	O
mutation	O
could	O
spark	O
a	O
global	O
pandemic	O
with	O
a	O
potential	O
death	O
toll	O
of	O
millions	O
.	O
Thailand	B-gpe
says	O
it	O
has	O
photo	O
evidence	O
to	O
prove	O
its	O
claim	O
that	O
Islamic	B-org
militants	O
responsible	O
for	O
violence	O
in	O
Thailand	B-geo
's	O
Muslim-majority	O
south	O
are	O
training	O
in	O
neighboring	O
Malaysia	B-geo
.	O
Thai	B-gpe
Deputy	B-per
Interior	I-per
Minister	I-per
Sutham	I-per
Saengprathum	I-per
says	O
the	O
photos	O
show	O
the	O
militants	O
training	O
in	O
Malaysia	B-geo
's	O
northern	O
Kelantan	B-geo
state	O
which	O
borders	O
southern	O
Thailand	B-geo
.	O
He	O
said	O
if	O
Malaysia	B-gpe
wants	O
to	O
see	O
the	O
photos	O
Bangkok	B-gpe
will	O
provide	O
them	O
.	O
Thai	B-gpe
Prime	B-per
Minister	I-per
Thaksin	I-per
Shinawatra	I-per
has	O
said	O
he	O
believes	O
some	O
of	O
the	O
insurgents	O
have	O
been	O
trained	O
in	O
Malaysia	B-geo
Indonesia	B-geo
and	O
southern	O
Thailand	B-geo
.	O
Malaysia	B-gpe
and	O
Indonesia	B-gpe
have	O
demanded	O
proof	O
of	O
Bangkok	B-gpe
's	O
allegations	O
.	O
More	O
than	O
500	O
people	O
have	O
been	O
killed	O
this	O
year	O
in	O
an	O
insurgency	O
that	O
some	O
say	O
is	O
supported	O
by	O
extremist	O
Muslims	B-org
in	O
Indonesia	B-geo
and	O
Malaysia	B-geo
.	O
Anti-Japanese	O
protests	O
in	O
the	O
western	O
Chinese	B-gpe
city	O
of	O
Shanghai	B-geo
turned	O
violent	O
Saturday	B-tim
with	O
protesters	O
pelting	O
the	O
Japanese	B-gpe
consulate	O
with	O
rocks	O
bottles	O
and	O
eggs	O
.	O
Several	O
thousand	O
people	O
took	O
to	O
the	O
streets	O
of	O
Shanghai	B-geo
as	O
part	O
of	O
a	O
new	O
wave	O
of	O
anti-Japanese	O
protests	O
over	O
Japan	B-gpe
's	O
bid	O
for	O
a	O
permanent	O
seat	O
on	O
the	O
U.N.	B-org
Security	I-org
Council	I-org
and	O
Tokyo	B-gpe
's	O
alleged	O
downplaying	O
of	O
war	O
atrocities	O
.	O
In	O
Beijing	B-geo
police	O
are	O
out	O
in	O
force	O
waiting	O
for	O
protests	O
to	O
begin	O
in	O
the	O
capital	O
.	O
State	B-per
Councilor	I-per
Tang	I-per
Jiaxuan	I-per
told	O
the	O
official	O
Xinhua	B-org
news	O
agency	O
that	O
China	B-gpe
's	O
government	O
is	O
urging	O
people	O
to	O
protest	O
in	O
a	O
calm	O
and	O
orderly	O
manner	O
.	O
Japan	B-geo
's	O
Foreign	B-per
Minister	I-per
Nobutaka	B-per
Machimura	I-per
arrives	O
Sunday	B-tim
in	O
Beijing	B-geo
for	O
talks	O
with	O
his	O
Chinese	B-gpe
counterpart	O
Li	B-per
Zhaoxing	I-per
to	O
discuss	O
relations	O
between	O
the	O
two	O
countries	O
.	O
Organizers	O
of	O
the	O
2012	B-eve
Summer	I-eve
Olympics	I-eve
in	O
London	B-geo
have	O
promised	O
the	O
greenest	O
games	O
in	O
history	O
and	O
sought	O
to	O
soothe	O
concerns	O
about	O
the	O
rising	O
cost	O
of	O
the	O
event	O
.	O
days	O
to	O
go	O
until	O
the	O
Games	B-eve
get	O
under	O
way	O
organizers	O
said	O
the	O
design	O
would	O
champion	O
low	O
waste	O
low	O
carbon	O
emissions	O
and	O
environmentally	O
friendly	O
transportation	O
.	O
The	O
Olympic	B-org
Delivery	I-org
Authority	I-org
has	O
promised	O
to	O
cut	O
emissions	O
50	O
percent	O
by	O
generating	O
energy	O
on	O
site	O
and	O
using	O
renewable	O
energy	O
.	O
Prime	B-per
Minister	I-per
Tony	I-per
Blair	I-per
said	O
London	B-gpe
is	O
farther	O
ahead	O
in	O
preparations	O
at	O
this	O
stage	O
than	O
any	O
other	O
previous	O
Olympic	O
host	O
city	O
.	O
The	O
British	B-gpe
government	O
wants	O
to	O
have	O
the	O
Olympic	O
budget	O
finalized	O
early	O
this	O
year	O
but	O
costs	O
have	O
already	O
risen	O
substantially	O
since	O
London	B-gpe
won	O
the	O
bid	O
in	O
July	B-tim
of	I-tim
2005	I-tim
.	O
A	O
select	O
committee	O
report	O
due	O
Wednesday	B-tim
is	O
expected	O
to	O
be	O
highly	O
critical	O
of	O
the	O
government	O
's	O
financing	O
of	O
the	O
Games	B-eve
.	O
China	B-geo
's	O
giant	O
pandas	O
have	O
been	O
on	O
endangered	O
species	O
lists	O
for	O
nearly	O
30	O
years	O
.	O
There	O
are	O
only	O
pandas	O
still	O
living	O
in	O
the	O
wild	O
in	O
China	B-geo
.	O
One	O
of	O
the	O
2008	B-eve
Olympic	I-eve
mascots	O
is	O
modeled	O
on	O
a	O
panda	O
called	O
Jing	B-nat
Jing	I-nat
.	O
Conservationists	O
hope	O
she	O
will	O
help	O
draw	O
attention	O
to	O
the	O
threats	O
facing	O
the	O
giant	O
panda	O
--	O
one	O
of	O
China	B-gpe
's	O
national	O
symbols	O
.	O
Sam	B-per
Beattie	I-per
reports	O
from	O
Jing	B-nat
Jing	I-nat
's	O
home	O
in	O
Sichuan	B-geo
province	O
.	O
British	B-gpe
defense	O
officials	O
say	O
14	O
British	B-gpe
military	O
personnel	O
have	O
been	O
killed	O
in	O
a	O
crash	O
of	O
a	O
NATO	B-org
aircraft	O
in	O
southern	O
Afghanistan	B-geo
.	O
A	O
NATO	B-org
spokesman	O
says	O
the	O
aircraft	O
went	O
off	O
the	O
radar	O
and	O
crashed	O
in	O
an	O
open	O
area	O
near	O
Kandahar	B-geo
Saturday	B-tim
.	O
Officials	O
say	O
the	O
aircraft	O
was	O
supporting	O
a	O
NATO	B-org
mission	O
in	O
the	O
country	O
's	O
south	O
but	O
there	O
is	O
no	O
indication	O
of	O
enemy	O
action	O
causing	O
the	O
crash	O
.	O
The	O
crash	O
comes	O
as	O
NATO	B-org
forces	O
launched	O
an	O
offensive	O
to	O
drive	O
Taleban	B-org
remnants	O
out	O
of	O
Kandahar	B-geo
.	O
Officials	O
say	O
Operation	B-eve
Medusa	I-eve
is	O
aimed	O
at	O
removing	O
the	O
Taleban	B-org
threat	O
so	O
that	O
stability	O
reconstruction	O
and	O
development	O
can	O
be	O
achieved	O
in	O
the	O
area	O
.	O
Sri	B-geo
Lankan	B-gpe
authorities	O
say	O
a	O
prominent	O
Tamil	B-org
journalist	O
was	O
found	O
shot	O
dead	O
Friday	B-tim
in	O
Colombo	B-geo
hours	O
after	O
he	O
was	O
abducted	O
by	O
several	O
attackers	O
as	O
he	O
left	O
a	O
restaurant	O
.	O
Dharmeratnam	B-per
Sivaram	I-per
was	O
a	O
board	O
member	O
of	O
the	O
pro-rebel	O
TamilNet	B-org
Web	B-art
site	O
and	O
a	O
columnist	O
for	O
Sri	B-gpe
Lanka	I-gpe
's	O
english	B-art
newspaper	O
the	O
Daily	B-art
Mirror	I-art
.	O
Mr.	B-per
Sivaram	I-per
's	O
Web	B-art
site	O
became	O
popular	O
for	O
ongoing	O
reports	O
on	O
the	O
Sri	B-org
Lankan	B-geo
civil	O
war	O
and	O
was	O
a	O
prominent	O
supporter	O
of	O
the	O
Tamil	B-org
Tiger	I-org
rebel	O
movement	O
.	O
Mr.	B-per
Sivaram	I-per
who	O
was	O
also	O
brutally	O
attacked	O
in	O
2001	B-tim
was	O
found	O
near	O
a	O
lake	O
gagged	O
with	O
gunshot	O
wounds	O
to	O
the	O
head	O
.	O
No	O
one	O
claimed	O
responsibility	O
for	O
the	O
killing	O
.	O
Japan	B-gpe
and	O
North	B-gpe
Korea	I-gpe
say	O
they	O
are	O
considering	O
a	O
resumption	O
of	O
bilateral	O
talks	O
as	O
part	O
of	O
efforts	O
to	O
normalize	O
relations	O
.	O
Japanese	B-gpe
media	O
reported	O
Monday	B-tim
that	O
the	O
two	O
countries	O
hope	O
to	O
arrange	O
to	O
hold	O
the	O
talks	O
in	O
Beijing	B-geo
in	O
early	O
November	B-tim
.	O
The	O
talks	O
could	O
come	O
before	O
six-party	O
talks	O
on	O
North	B-gpe
Korea	I-gpe
's	O
nuclear	O
ambitions	O
resume	O
.	O
Japan	B-gpe
and	O
North	B-gpe
Korea	I-gpe
have	O
not	O
had	O
formal	O
bilateral	O
talks	O
for	O
about	O
a	O
year	O
.	O
Tokyo	B-gpe
and	O
Pyongyang	B-gpe
are	O
at	O
odds	O
over	O
North	B-gpe
Korea	I-gpe
's	O
nuclear	O
weapons	O
program	O
and	O
the	O
North	B-gpe
's	O
kidnapping	O
of	O
Japanese	B-gpe
citizens	O
in	O
the	O
1970s	B-tim
and	O
1980s	B-tim
.	O
A	O
human	O
rights	O
group	O
has	O
accused	O
coalition	O
forces	O
in	O
Iraq	B-geo
of	O
failing	O
to	O
secure	O
evidence	O
considered	O
vital	O
to	O
the	O
upcoming	O
war	O
crimes	O
trial	O
of	O
former	O
Iraqi	B-gpe
leader	O
Saddam	B-per
Hussein	I-per
.	O
Human	B-org
Rights	I-org
Watch	I-org
in	O
a	O
report	O
released	O
Thursday	B-tim
said	O
coalition	O
forces	O
failed	O
to	O
stop	O
people	O
from	O
stealing	O
thousands	O
of	O
Iraqi	B-gpe
government	O
documents	O
in	O
the	O
months	O
after	O
the	O
2003	B-tim
invasion	O
of	O
Iraq	B-geo
.	O
The	O
group	O
also	O
accused	O
troops	O
of	O
failing	O
to	O
stop	O
people	O
from	O
damaging	O
several	O
mass	O
graves	O
in	O
the	O
war-torn	O
country	O
.	O
The	O
Associated	B-org
Press	I-org
quotes	O
a	O
U.S.	B-gpe
Defense	B-org
Department	I-org
spokeswoman	O
as	O
saying	O
it	O
has	O
not	O
reviewed	O
the	O
report	O
.	O
Saddam	B-per
Hussein	I-per
was	O
arraigned	O
in	O
July	B-tim
at	O
a	O
U.S.	B-gpe
military	O
base	O
on	O
the	O
outskirts	O
of	O
Baghdad	B-geo
.	O
He	O
faces	O
charges	O
of	O
war	O
crimes	O
genocide	O
and	O
crimes	O
against	O
humanity	O
.	O
Egypt	B-gpe
's	O
government	O
and	O
the	O
World	B-org
Health	I-org
Organization	I-org
say	O
three	O
Egyptian	B-gpe
children	O
have	O
been	O
hospitalized	O
with	O
the	O
deadly	O
form	O
of	O
avian	O
flu	O
.	O
The	O
children	O
come	O
from	O
different	O
parts	O
of	O
the	O
country	O
.	O
WHO	B-org
says	O
they	O
are	O
receiving	O
treatment	O
and	O
are	O
in	O
stable	O
condition	O
.	O
The	O
organization	O
says	O
the	O
children	O
had	O
a	O
history	O
of	O
contact	O
with	O
dead	O
birds	O
.	O
Thirty	O
two	O
Egyptians	B-gpe
have	O
contracted	O
the	O
H5N1	B-nat
form	O
of	O
avian	O
flu	O
.	O
Thirteen	O
of	O
them	O
have	O
died	O
.	O
Egypt	B-geo
has	O
had	O
the	O
largest	O
number	O
of	O
human	O
bird	O
flu	O
cases	O
outside	O
of	O
Asia	B-geo
.	O
The	O
head	O
of	O
the	O
U.N.	B-org
investigation	O
into	O
the	O
Iraq	B-gpe
oil-for-food	O
program	O
says	O
Saddam	B-per
Hussein	I-per
illegally	O
obtained	O
more	O
money	O
from	O
oil	O
smuggling	O
than	O
from	O
corruption	O
in	O
the	O
U.N.	B-org
program	O
.	O
Former	O
U.S.	B-gpe
Federal	B-org
Reserve	I-org
Chairman	B-per
Paul	I-per
Volcker	I-per
says	O
the	O
smuggling	O
began	O
before	O
the	O
start	O
of	O
the	O
oil-for-food	O
program	O
and	O
was	O
known	O
to	O
the	O
United	B-org
Nations	I-org
Security	I-org
Council	I-org
.	O
In	O
an	O
